<?xml version = '1.0' encoding = 'UTF-8'?>
<Relation class="oracle.dbtools.crest.model.design.logical.Relation" name="Relation_3" directorySegmentName="seg_0" id="77F681F1-A9EB-0616-51CE-5A653EC3E32D">
<createdBy>logonrmlocal</createdBy>
<createdTime>2022-05-06 13:51:04 UTC</createdTime>
<ownerDesignName>MATRICULA</ownerDesignName>
<engineerTo>
<item key="BCB71777-58BC-1FE7-4C2E-8DEC6C3AF2A0" value="true"/>
</engineerTo>
<sourcePk>346C0E0B-817D-E16D-3CE1-A3201F3D1F63</sourcePk>
<identifying>true</identifying>
<optionalSource>true</optionalSource>
<optionalTarget>false</optionalTarget>
<sourceCardinality>1</sourceCardinality>
<sourceEntity>D1327013-5694-405B-7EE6-B3AB2EFE34A6</sourceEntity>
<targetCardinalityString>*</targetCardinalityString>
<targetEntity>8DB2CCBC-9FE8-589B-61A8-0D0AFD7DB048</targetEntity>
<transferable>true</transferable>
<deleteRule>NO ACTION</deleteRule>
</Relation>