<?xml version = '1.0' encoding = 'UTF-8'?>
<Relation class="oracle.dbtools.crest.model.design.logical.Relation" name="Relation_4" directorySegmentName="seg_0" id="CA61E8CE-27E0-F0F7-9DEC-A935E6AC1B8C">
<createdBy>logonrmlocal</createdBy>
<createdTime>2022-05-06 13:51:12 UTC</createdTime>
<ownerDesignName>MATRICULA</ownerDesignName>
<engineerTo>
<item key="BCB71777-58BC-1FE7-4C2E-8DEC6C3AF2A0" value="true"/>
</engineerTo>
<sourcePk>DA7DE0EA-3A5E-780B-12ED-D4DA03E381E9</sourcePk>
<identifying>false</identifying>
<optionalSource>true</optionalSource>
<optionalTarget>false</optionalTarget>
<sourceCardinality>1</sourceCardinality>
<sourceEntity>162B6A0A-C13F-A167-C05A-011948D2934B</sourceEntity>
<targetCardinalityString>*</targetCardinalityString>
<targetEntity>8DB2CCBC-9FE8-589B-61A8-0D0AFD7DB048</targetEntity>
<transferable>true</transferable>
<deleteRule>NO ACTION</deleteRule>
</Relation>