<?xml version = '1.0' encoding = 'UTF-8'?>
<Relation class="oracle.dbtools.crest.model.design.logical.Relation" name="Relation_1v1" directorySegmentName="seg_0" id="DCE33695-7FE2-BD26-4A6C-88524171081E">
<createdBy>logonrmlocal</createdBy>
<createdTime>2022-05-06 13:36:35 UTC</createdTime>
<ownerDesignName>MATRICULA</ownerDesignName>
<engineerTo>
<item key="BCB71777-58BC-1FE7-4C2E-8DEC6C3AF2A0" value="true"/>
</engineerTo>
<identifying>false</identifying>
<optionalSource>true</optionalSource>
<optionalTarget>true</optionalTarget>
<sourceCardinality>*</sourceCardinality>
<sourceEntity>13B0C9EA-D9A1-A1BB-E825-AACF4A36FAE9</sourceEntity>
<targetCardinalityString>*</targetCardinalityString>
<targetEntity>3FB17AF5-18DD-2184-EA7B-6EEEDE4C90BC</targetEntity>
<transferable>true</transferable>
<deleteRule>NO ACTION</deleteRule>
</Relation>