<?xml version = '1.0' encoding = 'UTF-8'?>
<Diagram class="oracle.dbtools.crest.swingui.relational.DPVRelational" name="Relational_1" id="0037E8E8-6226-1336-F747-C074E5B1FAF6">
<createdBy>logonrmlocal</createdBy>
<modifiedBy>logonrmlocal</modifiedBy>
<createdTime>2022-05-06 13:56:15 UTC</createdTime>
<autoRoute>false</autoRoute>
<boxInbox>true</boxInbox>
<showLegend>false</showLegend>
<showLabels>false</showLabels>
<showRelAttributes>false</showRelAttributes>
<gridEnabled>false</gridEnabled>
<showGrid>false</showGrid>
<diagramColor>-1</diagramColor>
<display>false</display>
<notation>1</notation>
<objectViews>
<OView class="oracle.dbtools.crest.swingui.relational.TVTable" oid="355A7B5F-C04E-3FE1-6A2B-14F94095984E" otype="Table" vid="77C2DCDA-F384-AF2D-1355-11D99227BFBA">
<hideElementsInCurrentOnly>false</hideElementsInCurrentOnly>
<bounds x="261" y="301" width="352" height="108"/>
</OView>
<OView class="oracle.dbtools.crest.swingui.relational.TVTable" oid="3A35595A-7C92-3AEC-836E-3FB376041019" otype="Table" vid="10BBC0E5-11F2-5D04-D6FD-07A85B6FD42F">
<hideElementsInCurrentOnly>false</hideElementsInCurrentOnly>
<bounds x="249" y="132" width="277" height="122"/>
</OView>
<OView class="oracle.dbtools.crest.swingui.relational.TVTable" oid="8F2B52C2-4229-AEB8-8339-851BD36E2C38" otype="Table" vid="E7FEA7AF-0710-96EE-71E8-17C76A5B20DC">
<hideElementsInCurrentOnly>false</hideElementsInCurrentOnly>
<bounds x="661" y="318" width="190" height="74"/>
</OView>
<OView class="oracle.dbtools.crest.swingui.relational.TVTable" oid="8FB28AA3-D169-B51B-D778-EE7DBA798175" otype="Table" vid="35E1BC2D-5859-858F-4423-30486B8719F3">
<hideElementsInCurrentOnly>false</hideElementsInCurrentOnly>
<bounds x="215" y="0" width="192" height="74"/>
</OView>
<OView class="oracle.dbtools.crest.swingui.relational.TVTable" oid="F102BFB9-A00F-0F9C-7E78-266C5268FF08" otype="Table" vid="258DA164-FA86-F867-A338-EF88D61E25BE">
<hideElementsInCurrentOnly>false</hideElementsInCurrentOnly>
<bounds x="445" y="5" width="190" height="74"/>
</OView>
<OView class="oracle.dbtools.crest.swingui.relational.TVTable" oid="F3AE2BDF-552F-21D1-A6A8-F2B4C3D3E5FC" otype="Table" vid="A6778675-D2BE-119E-0729-930E31FD48AC">
<hideElementsInCurrentOnly>false</hideElementsInCurrentOnly>
<bounds x="0" y="330" width="192" height="74"/>
</OView>
</objectViews>
<connectors>
<Connector class="oracle.dbtools.crest.swingui.relational.TVFKRelation" oid="12B24158-7874-2FAA-3CBA-83093C89B549" otype="FKIndexAssociation" vid_source="35E1BC2D-5859-858F-4423-30486B8719F3" vid_target="10BBC0E5-11F2-5D04-D6FD-07A85B6FD42F">
<hideElementsInCurrentOnly>false</hideElementsInCurrentOnly>
<backgroundColor>-16777216</backgroundColor>
<lineWidth>1</lineWidth>
<points>
<point x="328" y="74"/>
<point x="328" y="132"/>
</points>
</Connector>
<Connector class="oracle.dbtools.crest.swingui.relational.TVFKRelation" oid="1DD8CF6A-790F-2E86-B2A4-B41EA2D4D9FE" otype="FKIndexAssociation" vid_source="A6778675-D2BE-119E-0729-930E31FD48AC" vid_target="77C2DCDA-F384-AF2D-1355-11D99227BFBA">
<hideElementsInCurrentOnly>false</hideElementsInCurrentOnly>
<backgroundColor>-16777216</backgroundColor>
<lineWidth>1</lineWidth>
<points>
<point x="192" y="367"/>
<point x="261" y="367"/>
</points>
</Connector>
<Connector class="oracle.dbtools.crest.swingui.relational.TVFKRelation" oid="29997451-05C5-6278-71F9-8D4E00E82393" otype="FKIndexAssociation" vid_source="258DA164-FA86-F867-A338-EF88D61E25BE" vid_target="10BBC0E5-11F2-5D04-D6FD-07A85B6FD42F">
<hideElementsInCurrentOnly>false</hideElementsInCurrentOnly>
<backgroundColor>-16777216</backgroundColor>
<lineWidth>1</lineWidth>
<points>
<point x="485" y="79"/>
<point x="485" y="132"/>
</points>
</Connector>
<Connector class="oracle.dbtools.crest.swingui.relational.TVFKRelation" oid="4D8786A1-BB18-7C9A-BBCB-C4D0659BACE2" otype="FKIndexAssociation" vid_source="E7FEA7AF-0710-96EE-71E8-17C76A5B20DC" vid_target="77C2DCDA-F384-AF2D-1355-11D99227BFBA">
<hideElementsInCurrentOnly>false</hideElementsInCurrentOnly>
<backgroundColor>-16777216</backgroundColor>
<lineWidth>1</lineWidth>
<points>
<point x="661" y="355"/>
<point x="613" y="355"/>
</points>
</Connector>
</connectors>
</Diagram>