<?xml version = '1.0' encoding = 'UTF-8'?>
<Table class="oracle.dbtools.crest.model.design.relational.Table" directorySegmentName="seg_0" id="355A7B5F-C04E-3FE1-6A2B-14F94095984E" name="Relation_1v1">
<createdBy>logonrmlocal</createdBy>
<createdTime>2022-05-06 13:56:15 UTC</createdTime>
<ownerDesignName>MATRICULA</ownerDesignName>
<allowColumnReorder>false</allowColumnReorder>
<existDependencyGenerateInDDl>true</existDependencyGenerateInDDl>
<parsed>true</parsed>
<columns itemClass="oracle.dbtools.crest.model.design.relational.Column">
<Column name="ALUNOSv1_cod_aluno" id="E9B25BCD-4FB1-4117-60A2-115AB292104A">
<createdBy>logonrmlocal</createdBy>
<createdTime>2022-05-06 13:56:15 UTC</createdTime>
<ownerDesignName>MATRICULA</ownerDesignName>
<useDomainConstraints>false</useDomainConstraints>
<use>1</use>
<logicalDatatype>LOGDT019</logicalDatatype>
<dataTypePrecision>5</dataTypePrecision>
<ownDataTypeParameters>,,</ownDataTypeParameters>
<previousColumn>false</previousColumn>
<autoIncrementCycle>false</autoIncrementCycle>
<associations>
<colAssociation fkAssociation="1DD8CF6A-790F-2E86-B2A4-B41EA2D4D9FE" referredColumn="57148DCB-F502-5F91-6C65-AA915E6A2327"/>
</associations>
</Column>
<Column name="CURSOSv1_cod_curso" id="E4BFFA17-EDC2-6ADC-CDEF-CF32FECA48BC">
<createdBy>logonrmlocal</createdBy>
<createdTime>2022-05-06 13:56:15 UTC</createdTime>
<ownerDesignName>MATRICULA</ownerDesignName>
<useDomainConstraints>false</useDomainConstraints>
<use>1</use>
<logicalDatatype>LOGDT019</logicalDatatype>
<dataTypePrecision>5</dataTypePrecision>
<ownDataTypeParameters>,,</ownDataTypeParameters>
<previousColumn>false</previousColumn>
<autoIncrementCycle>false</autoIncrementCycle>
<associations>
<colAssociation fkAssociation="4D8786A1-BB18-7C9A-BBCB-C4D0659BACE2" referredColumn="5FCF040A-94C5-3E21-184D-7088A9A96BC9"/>
</associations>
</Column>
</columns>
<indexes itemClass="oracle.dbtools.crest.model.design.relational.Index">
<ind_PK_UK id="07E431E3-5CEA-405A-4408-F1AD3E371975" name="Relation_1v1_PK">
<createdBy>logonrmlocal</createdBy>
<createdTime>2022-05-06 13:56:15 UTC</createdTime>
<ownerDesignName>MATRICULA</ownerDesignName>
<pk>true</pk>
<indexState>Primary Constraint</indexState>
<isSurrogateKey>false</isSurrogateKey>
<indexColumnUsage>
<colUsage columnID="E9B25BCD-4FB1-4117-60A2-115AB292104A"/>
<colUsage columnID="E4BFFA17-EDC2-6ADC-CDEF-CF32FECA48BC"/>
</indexColumnUsage>
</ind_PK_UK>
<ind_PK_UK id="21ED9A90-8645-2EFD-E841-4A2EA17E5700" name="Relation_1v1_ALUNOSv1_FK">
<createdBy>logonrmlocal</createdBy>
<createdTime>2022-05-06 13:56:15 UTC</createdTime>
<generatorID>DCE33695-7FE2-BD26-4A6C-88524171081E</generatorID>
<ownerDesignName>MATRICULA</ownerDesignName>
<indexState>Foreign Key</indexState>
<isSurrogateKey>false</isSurrogateKey>
<indexColumnUsage>
<colUsage columnID="E9B25BCD-4FB1-4117-60A2-115AB292104A"/>
</indexColumnUsage>
</ind_PK_UK>
<ind_PK_UK id="69A46929-B0A3-2EF7-AFE4-31688D344E29" name="Relation_1v1_CURSOSv1_FK">
<createdBy>logonrmlocal</createdBy>
<createdTime>2022-05-06 13:56:15 UTC</createdTime>
<generatorID>DCE33695-7FE2-BD26-4A6C-88524171081E</generatorID>
<ownerDesignName>MATRICULA</ownerDesignName>
<indexState>Foreign Key</indexState>
<isSurrogateKey>false</isSurrogateKey>
<indexColumnUsage>
<colUsage columnID="E4BFFA17-EDC2-6ADC-CDEF-CF32FECA48BC"/>
</indexColumnUsage>
</ind_PK_UK>
</indexes>
</Table>