<?xml version = '1.0' encoding = 'UTF-8'?>
<Table class="oracle.dbtools.crest.model.design.relational.Table" directorySegmentName="seg_0" id="3A35595A-7C92-3AEC-836E-3FB376041019" name="MATRICULAS">
<createdBy>logonrmlocal</createdBy>
<createdTime>2022-05-06 13:56:15 UTC</createdTime>
<generatorID>8DB2CCBC-9FE8-589B-61A8-0D0AFD7DB048</generatorID>
<ownerDesignName>MATRICULA</ownerDesignName>
<allowColumnReorder>false</allowColumnReorder>
<existDependencyGenerateInDDl>true</existDependencyGenerateInDDl>
<parsed>true</parsed>
<columns itemClass="oracle.dbtools.crest.model.design.relational.Column">
<Column name="cod_aluno" id="C2D23F99-8838-7D5A-408E-09506589D533">
<createdBy>logonrmlocal</createdBy>
<createdTime>2022-05-06 13:56:15 UTC</createdTime>
<generatorID>547DAE0E-9628-9F92-56B0-DF33EBD9700E</generatorID>
<ownerDesignName>MATRICULA</ownerDesignName>
<useDomainConstraints>false</useDomainConstraints>
<use>1</use>
<logicalDatatype>LOGDT019</logicalDatatype>
<dataTypePrecision>5</dataTypePrecision>
<ownDataTypeParameters>,,</ownDataTypeParameters>
<previousColumn>false</previousColumn>
<autoIncrementCycle>false</autoIncrementCycle>
<associations>
<colAssociation fkAssociation="12B24158-7874-2FAA-3CBA-83093C89B549" referredColumn="6E0F1BDB-87A7-C728-B651-CF20785860C0"/>
</associations>
</Column>
<Column name="cod_curso" id="62B91C35-DC77-392E-AF72-31E2F162BC24">
<createdBy>logonrmlocal</createdBy>
<createdTime>2022-05-06 13:56:15 UTC</createdTime>
<generatorID>CE50E0BB-76AB-8D9E-A15D-2CCB89B6C977</generatorID>
<ownerDesignName>MATRICULA</ownerDesignName>
<useDomainConstraints>false</useDomainConstraints>
<use>1</use>
<logicalDatatype>LOGDT019</logicalDatatype>
<dataTypePrecision>5</dataTypePrecision>
<ownDataTypeParameters>,,</ownDataTypeParameters>
<previousColumn>false</previousColumn>
<autoIncrementCycle>false</autoIncrementCycle>
<associations>
<colAssociation fkAssociation="29997451-05C5-6278-71F9-8D4E00E82393" referredColumn="EF3F177D-3896-0290-40A9-E30558050866"/>
</associations>
</Column>
<Column name="RM" id="EB80A5E0-30A6-4231-4F9C-816AAE17A2A7">
<createdBy>logonrmlocal</createdBy>
<createdTime>2022-05-06 13:56:15 UTC</createdTime>
<generatorID>055A7904-FF72-5603-DE6D-02D0BEAFCDC2</generatorID>
<ownerDesignName>MATRICULA</ownerDesignName>
<useDomainConstraints>false</useDomainConstraints>
<use>1</use>
<ownDataTypeParameters>,,</ownDataTypeParameters>
<autoIncrementCycle>false</autoIncrementCycle>
</Column>
</columns>
<indexes itemClass="oracle.dbtools.crest.model.design.relational.Index">
<ind_PK_UK id="F389C689-217E-C814-96A3-8F754628E518" name="MATRICULAS_PK">
<createdBy>logonrmlocal</createdBy>
<createdTime>2022-05-06 13:56:15 UTC</createdTime>
<generatorID>3AAC8619-AD83-73D2-8E87-0FC63A89D12C</generatorID>
<ownerDesignName>MATRICULA</ownerDesignName>
<pk>true</pk>
<indexState>Primary Constraint</indexState>
<isSurrogateKey>false</isSurrogateKey>
<indexColumnUsage>
<colUsage columnID="C2D23F99-8838-7D5A-408E-09506589D533"/>
<colUsage columnID="EB80A5E0-30A6-4231-4F9C-816AAE17A2A7"/>
</indexColumnUsage>
</ind_PK_UK>
<ind_PK_UK id="AE7EBA64-F2D0-C7B7-919B-0115F6A200F4" name="MATRICULAS_ALUNOS_FK">
<createdBy>logonrmlocal</createdBy>
<createdTime>2022-05-06 13:56:15 UTC</createdTime>
<generatorID>77F681F1-A9EB-0616-51CE-5A653EC3E32D</generatorID>
<ownerDesignName>MATRICULA</ownerDesignName>
<indexState>Foreign Key</indexState>
<isSurrogateKey>false</isSurrogateKey>
<indexColumnUsage>
<colUsage columnID="C2D23F99-8838-7D5A-408E-09506589D533"/>
</indexColumnUsage>
</ind_PK_UK>
<ind_PK_UK id="7AF2A0D8-6FEB-F918-8010-499F08468D28" name="MATRICULAS_CURSOS_FK">
<createdBy>logonrmlocal</createdBy>
<createdTime>2022-05-06 13:56:15 UTC</createdTime>
<generatorID>CA61E8CE-27E0-F0F7-9DEC-A935E6AC1B8C</generatorID>
<ownerDesignName>MATRICULA</ownerDesignName>
<indexState>Foreign Key</indexState>
<isSurrogateKey>false</isSurrogateKey>
<indexColumnUsage>
<colUsage columnID="62B91C35-DC77-392E-AF72-31E2F162BC24"/>
</indexColumnUsage>
</ind_PK_UK>
</indexes>
</Table>