<?xml version = '1.0' encoding = 'UTF-8'?>
<Table class="oracle.dbtools.crest.model.design.relational.Table" directorySegmentName="seg_0" id="8F2B52C2-4229-AEB8-8339-851BD36E2C38" name="CURSOSv1">
<createdBy>logonrmlocal</createdBy>
<createdTime>2022-05-06 13:56:15 UTC</createdTime>
<generatorID>3FB17AF5-18DD-2184-EA7B-6EEEDE4C90BC</generatorID>
<ownerDesignName>MATRICULA</ownerDesignName>
<allowColumnReorder>false</allowColumnReorder>
<existDependencyGenerateInDDl>true</existDependencyGenerateInDDl>
<parsed>true</parsed>
<columns itemClass="oracle.dbtools.crest.model.design.relational.Column">
<Column name="cod_curso" id="5FCF040A-94C5-3E21-184D-7088A9A96BC9">
<createdBy>logonrmlocal</createdBy>
<createdTime>2022-05-06 13:56:15 UTC</createdTime>
<generatorID>6CC07CB7-53BE-8FF6-18CB-716C99461F0E</generatorID>
<ownerDesignName>MATRICULA</ownerDesignName>
<useDomainConstraints>false</useDomainConstraints>
<use>1</use>
<logicalDatatype>LOGDT019</logicalDatatype>
<dataTypePrecision>5</dataTypePrecision>
<ownDataTypeParameters>,5,</ownDataTypeParameters>
<autoIncrementCycle>false</autoIncrementCycle>
</Column>
<Column name="nome" id="56A1DB07-3698-B6AE-2826-2AB6873F1B21">
<createdBy>logonrmlocal</createdBy>
<createdTime>2022-05-06 13:56:15 UTC</createdTime>
<generatorID>95C5320B-AE3D-DFBA-27A9-F8A114734A7F</generatorID>
<ownerDesignName>MATRICULA</ownerDesignName>
<useDomainConstraints>false</useDomainConstraints>
<use>1</use>
<logicalDatatype>LOGDT024</logicalDatatype>
<dataTypeSize>100</dataTypeSize>
<ownDataTypeParameters>100,,</ownDataTypeParameters>
<autoIncrementCycle>false</autoIncrementCycle>
</Column>
</columns>
<indexes itemClass="oracle.dbtools.crest.model.design.relational.Index">
<ind_PK_UK id="CB7980BA-E8A3-98EB-FF1F-D4532D87E27B" name="CURSOSv1_PK">
<createdBy>logonrmlocal</createdBy>
<createdTime>2022-05-06 13:56:15 UTC</createdTime>
<generatorID>9E1BC9DF-ADE7-5D58-DE77-7FDEE325AC55</generatorID>
<ownerDesignName>MATRICULA</ownerDesignName>
<pk>true</pk>
<indexState>Primary Constraint</indexState>
<isSurrogateKey>false</isSurrogateKey>
<indexColumnUsage>
<colUsage columnID="5FCF040A-94C5-3E21-184D-7088A9A96BC9"/>
</indexColumnUsage>
</ind_PK_UK>
</indexes>
</Table>