<?xml version = '1.0' encoding = 'UTF-8'?>
<Table class="oracle.dbtools.crest.model.design.relational.Table" directorySegmentName="seg_0" id="8FB28AA3-D169-B51B-D778-EE7DBA798175" name="ALUNOS">
<createdBy>logonrmlocal</createdBy>
<createdTime>2022-05-06 13:56:15 UTC</createdTime>
<generatorID>D1327013-5694-405B-7EE6-B3AB2EFE34A6</generatorID>
<ownerDesignName>MATRICULA</ownerDesignName>
<allowColumnReorder>false</allowColumnReorder>
<existDependencyGenerateInDDl>true</existDependencyGenerateInDDl>
<parsed>true</parsed>
<columns itemClass="oracle.dbtools.crest.model.design.relational.Column">
<Column name="cod_aluno" id="6E0F1BDB-87A7-C728-B651-CF20785860C0">
<createdBy>logonrmlocal</createdBy>
<createdTime>2022-05-06 13:56:15 UTC</createdTime>
<generatorID>07494B15-5CB3-0F4A-2651-8E40D4D60D1C</generatorID>
<ownerDesignName>MATRICULA</ownerDesignName>
<useDomainConstraints>false</useDomainConstraints>
<use>1</use>
<logicalDatatype>LOGDT019</logicalDatatype>
<dataTypePrecision>5</dataTypePrecision>
<ownDataTypeParameters>,5,</ownDataTypeParameters>
<autoIncrementCycle>false</autoIncrementCycle>
</Column>
<Column name="nome" id="A430FD27-5CCD-5F0C-7144-DBF9A9D96A6A">
<createdBy>logonrmlocal</createdBy>
<createdTime>2022-05-06 13:56:15 UTC</createdTime>
<generatorID>D27FC2F6-6032-4251-93F0-C68E5901649C</generatorID>
<ownerDesignName>MATRICULA</ownerDesignName>
<useDomainConstraints>false</useDomainConstraints>
<use>1</use>
<logicalDatatype>LOGDT024</logicalDatatype>
<dataTypeSize>100</dataTypeSize>
<ownDataTypeParameters>100,,</ownDataTypeParameters>
<autoIncrementCycle>false</autoIncrementCycle>
</Column>
</columns>
<indexes itemClass="oracle.dbtools.crest.model.design.relational.Index">
<ind_PK_UK id="DB25F2BA-98CF-690E-45B8-974D1F617F15" name="ALUNOS_PK">
<createdBy>logonrmlocal</createdBy>
<createdTime>2022-05-06 13:56:15 UTC</createdTime>
<generatorID>346C0E0B-817D-E16D-3CE1-A3201F3D1F63</generatorID>
<ownerDesignName>MATRICULA</ownerDesignName>
<pk>true</pk>
<indexState>Primary Constraint</indexState>
<isSurrogateKey>false</isSurrogateKey>
<indexColumnUsage>
<colUsage columnID="6E0F1BDB-87A7-C728-B651-CF20785860C0"/>
</indexColumnUsage>
</ind_PK_UK>
</indexes>
</Table>