<?xml version = '1.0' encoding = 'UTF-8'?>
<Table class="oracle.dbtools.crest.model.design.relational.Table" directorySegmentName="seg_0" id="F3AE2BDF-552F-21D1-A6A8-F2B4C3D3E5FC" name="ALUNOSv1">
<createdBy>logonrmlocal</createdBy>
<createdTime>2022-05-06 13:56:15 UTC</createdTime>
<generatorID>13B0C9EA-D9A1-A1BB-E825-AACF4A36FAE9</generatorID>
<ownerDesignName>MATRICULA</ownerDesignName>
<allowColumnReorder>false</allowColumnReorder>
<existDependencyGenerateInDDl>true</existDependencyGenerateInDDl>
<parsed>true</parsed>
<columns itemClass="oracle.dbtools.crest.model.design.relational.Column">
<Column name="cod_aluno" id="57148DCB-F502-5F91-6C65-AA915E6A2327">
<createdBy>logonrmlocal</createdBy>
<createdTime>2022-05-06 13:56:15 UTC</createdTime>
<generatorID>6FA83984-E6F5-3614-ADFC-8A430D5A854B</generatorID>
<ownerDesignName>MATRICULA</ownerDesignName>
<useDomainConstraints>false</useDomainConstraints>
<use>1</use>
<logicalDatatype>LOGDT019</logicalDatatype>
<dataTypePrecision>5</dataTypePrecision>
<ownDataTypeParameters>,5,</ownDataTypeParameters>
<autoIncrementCycle>false</autoIncrementCycle>
</Column>
<Column name="nome" id="9BE65BFA-7EDF-D626-B9EE-0F4F450DE2CD">
<createdBy>logonrmlocal</createdBy>
<createdTime>2022-05-06 13:56:15 UTC</createdTime>
<generatorID>77A19510-8615-B1AE-0BE9-939C9F09782D</generatorID>
<ownerDesignName>MATRICULA</ownerDesignName>
<useDomainConstraints>false</useDomainConstraints>
<use>1</use>
<logicalDatatype>LOGDT024</logicalDatatype>
<dataTypeSize>100</dataTypeSize>
<ownDataTypeParameters>100,,</ownDataTypeParameters>
<autoIncrementCycle>false</autoIncrementCycle>
</Column>
</columns>
<indexes itemClass="oracle.dbtools.crest.model.design.relational.Index">
<ind_PK_UK id="828E4569-FAB4-DF34-BE0A-087D49DCADCB" name="ALUNOSv1_PK">
<createdBy>logonrmlocal</createdBy>
<createdTime>2022-05-06 13:56:15 UTC</createdTime>
<generatorID>A6509941-9A7B-B5F6-5800-A493C23EA1C5</generatorID>
<ownerDesignName>MATRICULA</ownerDesignName>
<pk>true</pk>
<indexState>Primary Constraint</indexState>
<isSurrogateKey>false</isSurrogateKey>
<indexColumnUsage>
<colUsage columnID="57148DCB-F502-5F91-6C65-AA915E6A2327"/>
</indexColumnUsage>
</ind_PK_UK>
</indexes>
</Table>