<?xml version = '1.0' encoding = 'UTF-8'?>
<relationalModel class="oracle.dbtools.crest.model.design.relational.RelationalDesign" name="Relational_1" id="BCB71777-58BC-1FE7-4C2E-8DEC6C3AF2A0" mainViewID="0037E8E8-6226-1336-F747-C074E5B1FAF6">
<createdBy>logonrmlocal</createdBy>
<createdTime>2022-05-06 13:17:44 UTC</createdTime>
<ownerDesignName>MATRICULA</ownerDesignName>
<shouldBeOpen>false</shouldBeOpen>
<selectedRDBMSSite>32076570-2523-435C-2E92-BF29817DFF70</selectedRDBMSSite>
</relationalModel>