<?xml version = '1.0' encoding = 'UTF-8'?>
<Diagram class="oracle.dbtools.crest.swingui.logical.DPVLogical" name="Logical" id="8A7BF170-B8FE-D53D-7F85-2C5EA2A179AE">
<createdBy>logonrmlocal</createdBy>
<modifiedBy>logonrmlocal</modifiedBy>
<createdTime>2022-05-06 13:31:33 UTC</createdTime>
<autoRoute>false</autoRoute>
<boxInbox>true</boxInbox>
<showLegend>false</showLegend>
<showLabels>false</showLabels>
<showRelAttributes>false</showRelAttributes>
<gridEnabled>false</gridEnabled>
<showGrid>false</showGrid>
<diagramColor>-1</diagramColor>
<display>false</display>
<notation>1</notation>
<objectViews>
<OView class="oracle.dbtools.crest.swingui.logical.TVEntity" oid="13B0C9EA-D9A1-A1BB-E825-AACF4A36FAE9" otype="Entity" vid="15DD3ECF-EBBD-143B-8378-1DC857E74523">
<hideElementsInCurrentOnly>false</hideElementsInCurrentOnly>
<bounds x="80" y="295" width="108" height="54"/>
</OView>
<OView class="oracle.dbtools.crest.swingui.logical.TVEntity" oid="162B6A0A-C13F-A167-C05A-011948D2934B" otype="Entity" vid="D66F30AA-05BC-B899-8CA0-6B100835B65C">
<hideElementsInCurrentOnly>false</hideElementsInCurrentOnly>
<bounds x="361" y="43" width="106" height="54"/>
</OView>
<OView class="oracle.dbtools.crest.swingui.logical.TVEntity" oid="3FB17AF5-18DD-2184-EA7B-6EEEDE4C90BC" otype="Entity" vid="6B445C51-6CAD-270F-CBC8-BCC1CB7C038C">
<hideElementsInCurrentOnly>false</hideElementsInCurrentOnly>
<bounds x="450" y="302" width="106" height="54"/>
</OView>
<OView class="oracle.dbtools.crest.swingui.logical.TVEntity" oid="8DB2CCBC-9FE8-589B-61A8-0D0AFD7DB048" otype="Entity" vid="FD33958E-044C-6D23-8E38-30F131B5D0AA">
<hideElementsInCurrentOnly>false</hideElementsInCurrentOnly>
<bounds x="258" y="236" width="126" height="40"/>
</OView>
<OView class="oracle.dbtools.crest.swingui.logical.TVEntity" oid="D1327013-5694-405B-7EE6-B3AB2EFE34A6" otype="Entity" vid="4B43BD8B-65FE-F65F-C0FE-59CA0FF0364E">
<hideElementsInCurrentOnly>false</hideElementsInCurrentOnly>
<bounds x="191" y="44" width="108" height="58"/>
</OView>
</objectViews>
<connectors>
<Connector class="oracle.dbtools.crest.swingui.logical.TVRelation" oid="77F681F1-A9EB-0616-51CE-5A653EC3E32D" otype="Relation" vid_source="4B43BD8B-65FE-F65F-C0FE-59CA0FF0364E" vid_target="FD33958E-044C-6D23-8E38-30F131B5D0AA">
<hideElementsInCurrentOnly>false</hideElementsInCurrentOnly>
<backgroundColor>-16777216</backgroundColor>
<lineWidth>1</lineWidth>
<points>
<point x="278" y="102"/>
<point x="278" y="236"/>
</points>
</Connector>
<Connector class="oracle.dbtools.crest.swingui.logical.TVRelation" oid="CA61E8CE-27E0-F0F7-9DEC-A935E6AC1B8C" otype="Relation" vid_source="D66F30AA-05BC-B899-8CA0-6B100835B65C" vid_target="FD33958E-044C-6D23-8E38-30F131B5D0AA">
<hideElementsInCurrentOnly>false</hideElementsInCurrentOnly>
<backgroundColor>-16777216</backgroundColor>
<lineWidth>1</lineWidth>
<points>
<point x="372" y="97"/>
<point x="372" y="236"/>
</points>
</Connector>
<Connector class="oracle.dbtools.crest.swingui.logical.TVRelation" oid="DCE33695-7FE2-BD26-4A6C-88524171081E" otype="Relation" vid_source="15DD3ECF-EBBD-143B-8378-1DC857E74523" vid_target="6B445C51-6CAD-270F-CBC8-BCC1CB7C038C">
<hideElementsInCurrentOnly>false</hideElementsInCurrentOnly>
<backgroundColor>-16777216</backgroundColor>
<lineWidth>1</lineWidth>
<points>
<point x="188" y="325"/>
<point x="450" y="325"/>
</points>
</Connector>
</connectors>
</Diagram>