<?xml version = '1.0' encoding = 'UTF-8'?>
<FKIndexAssociation class="oracle.dbtools.crest.model.design.relational.FKIndexAssociation" directorySegmentName="seg_0" id="12B24158-7874-2FAA-3CBA-83093C89B549" containerWithKeyObject="3A35595A-7C92-3AEC-836E-3FB376041019" localFKIndex="AE7EBA64-F2D0-C7B7-919B-0115F6A200F4" name="MATRICULAS_ALUNOS_FK">
<createdBy>logonrmlocal</createdBy>
<createdTime>2022-05-06 13:56:15 UTC</createdTime>
<generatorID>77F681F1-A9EB-0616-51CE-5A653EC3E32D</generatorID>
<ownerDesignName>MATRICULA</ownerDesignName>
<referredTableLongName>ALUNOS</referredTableLongName>
<deleteRule>NO ACTION</deleteRule>
<referredTableID>8FB28AA3-D169-B51B-D778-EE7DBA798175</referredTableID>
<keyObject>DB25F2BA-98CF-690E-45B8-974D1F617F15</keyObject>
<referredKeyID>DB25F2BA-98CF-690E-45B8-974D1F617F15</referredKeyID>
<mandatory>true</mandatory>
<refColNames>cod_aluno</refColNames>
<transferable>true</transferable>
<rely>false</rely>
<columnDependencyConstraintGenerateInDDL>true</columnDependencyConstraintGenerateInDDL>
</FKIndexAssociation>