<?xml version = '1.0' encoding = 'UTF-8'?>
<FKIndexAssociation class="oracle.dbtools.crest.model.design.relational.FKIndexAssociation" directorySegmentName="seg_0" id="1DD8CF6A-790F-2E86-B2A4-B41EA2D4D9FE" containerWithKeyObject="355A7B5F-C04E-3FE1-6A2B-14F94095984E" localFKIndex="21ED9A90-8645-2EFD-E841-4A2EA17E5700" name="Relation_1v1_ALUNOSv1_FK">
<createdBy>logonrmlocal</createdBy>
<createdTime>2022-05-06 13:56:15 UTC</createdTime>
<generatorID>DCE33695-7FE2-BD26-4A6C-88524171081E</generatorID>
<ownerDesignName>MATRICULA</ownerDesignName>
<referredTableLongName>ALUNOSv1</referredTableLongName>
<deleteRule>NO ACTION</deleteRule>
<referredTableID>F3AE2BDF-552F-21D1-A6A8-F2B4C3D3E5FC</referredTableID>
<keyObject>828E4569-FAB4-DF34-BE0A-087D49DCADCB</keyObject>
<referredKeyID>828E4569-FAB4-DF34-BE0A-087D49DCADCB</referredKeyID>
<mandatory>true</mandatory>
<refColNames>cod_aluno</refColNames>
<transferable>true</transferable>
<rely>false</rely>
<columnDependencyConstraintGenerateInDDL>true</columnDependencyConstraintGenerateInDDL>
</FKIndexAssociation>