<?xml version = '1.0' encoding = 'UTF-8'?>
<FKIndexAssociation class="oracle.dbtools.crest.model.design.relational.FKIndexAssociation" directorySegmentName="seg_0" id="29997451-05C5-6278-71F9-8D4E00E82393" containerWithKeyObject="3A35595A-7C92-3AEC-836E-3FB376041019" localFKIndex="7AF2A0D8-6FEB-F918-8010-499F08468D28" name="MATRICULAS_CURSOS_FK">
<createdBy>logonrmlocal</createdBy>
<createdTime>2022-05-06 13:56:15 UTC</createdTime>
<generatorID>CA61E8CE-27E0-F0F7-9DEC-A935E6AC1B8C</generatorID>
<ownerDesignName>MATRICULA</ownerDesignName>
<referredTableLongName>CURSOS</referredTableLongName>
<deleteRule>NO ACTION</deleteRule>
<referredTableID>F102BFB9-A00F-0F9C-7E78-266C5268FF08</referredTableID>
<keyObject>4EF65A9D-D000-8F85-C9D6-1617687A4F50</keyObject>
<referredKeyID>4EF65A9D-D000-8F85-C9D6-1617687A4F50</referredKeyID>
<mandatory>true</mandatory>
<refColNames>cod_curso</refColNames>
<transferable>true</transferable>
<rely>false</rely>
<columnDependencyConstraintGenerateInDDL>true</columnDependencyConstraintGenerateInDDL>
</FKIndexAssociation>