<?xml version = '1.0' encoding = 'UTF-8'?>
<FKIndexAssociation class="oracle.dbtools.crest.model.design.relational.FKIndexAssociation" directorySegmentName="seg_0" id="4D8786A1-BB18-7C9A-BBCB-C4D0659BACE2" containerWithKeyObject="355A7B5F-C04E-3FE1-6A2B-14F94095984E" localFKIndex="69A46929-B0A3-2EF7-AFE4-31688D344E29" name="Relation_1v1_CURSOSv1_FK">
<createdBy>logonrmlocal</createdBy>
<createdTime>2022-05-06 13:56:15 UTC</createdTime>
<generatorID>DCE33695-7FE2-BD26-4A6C-88524171081E</generatorID>
<ownerDesignName>MATRICULA</ownerDesignName>
<referredTableLongName>CURSOSv1</referredTableLongName>
<deleteRule>NO ACTION</deleteRule>
<referredTableID>8F2B52C2-4229-AEB8-8339-851BD36E2C38</referredTableID>
<keyObject>CB7980BA-E8A3-98EB-FF1F-D4532D87E27B</keyObject>
<referredKeyID>CB7980BA-E8A3-98EB-FF1F-D4532D87E27B</referredKeyID>
<mandatory>true</mandatory>
<refColNames>cod_curso</refColNames>
<transferable>true</transferable>
<rely>false</rely>
<columnDependencyConstraintGenerateInDDL>true</columnDependencyConstraintGenerateInDDL>
</FKIndexAssociation>