<?xml version = '1.0' encoding = 'UTF-8'?>
<Entity class="oracle.dbtools.crest.model.design.logical.Entity" directorySegmentName="seg_0" id="13B0C9EA-D9A1-A1BB-E825-AACF4A36FAE9" name="ALUNOSv1">
<createdBy>logonrmlocal</createdBy>
<createdTime>2022-05-06 13:36:35 UTC</createdTime>
<ownerDesignName>MATRICULA</ownerDesignName>
<engineerTo>
<item key="BCB71777-58BC-1FE7-4C2E-8DEC6C3AF2A0" value="true"/>
</engineerTo>
<adequatelyNormalized>NO</adequatelyNormalized>
<expectedVolumes>0</expectedVolumes>
<fwdEngineeringStrategyName>Single Table</fwdEngineeringStrategyName>
<growthPercent>0</growthPercent>
<growthType>Year</growthType>
<maxVolumes>9999999</maxVolumes>
<minVolumes>0</minVolumes>
<normalForm>Third</normalForm>
<attributes itemClass="oracle.dbtools.crest.model.design.logical.Attribute">
<Attribute name="cod_aluno" id="6FA83984-E6F5-3614-ADFC-8A430D5A854B">
<createdBy>logonrmlocal</createdBy>
<createdTime>2022-05-06 13:36:35 UTC</createdTime>
<ownerDesignName>MATRICULA</ownerDesignName>
<engineerTo>
<item key="BCB71777-58BC-1FE7-4C2E-8DEC6C3AF2A0" value="true"/>
</engineerTo>
<useDomainConstraints>false</useDomainConstraints>
<use>1</use>
<logicalDatatype>LOGDT019</logicalDatatype>
<dataTypePrecision>5</dataTypePrecision>
<ownDataTypeParameters>,5,</ownDataTypeParameters>
</Attribute>
<Attribute name="nome" id="77A19510-8615-B1AE-0BE9-939C9F09782D">
<createdBy>logonrmlocal</createdBy>
<createdTime>2022-05-06 13:36:35 UTC</createdTime>
<ownerDesignName>MATRICULA</ownerDesignName>
<engineerTo>
<item key="BCB71777-58BC-1FE7-4C2E-8DEC6C3AF2A0" value="true"/>
</engineerTo>
<useDomainConstraints>false</useDomainConstraints>
<use>1</use>
<logicalDatatype>LOGDT024</logicalDatatype>
<dataTypeSize>100</dataTypeSize>
<ownDataTypeParameters>100,,</ownDataTypeParameters>
</Attribute>
</attributes>
<identifiers itemClass="oracle.dbtools.crest.model.design.logical.CandidateKey">
<identifier id="A6509941-9A7B-B5F6-5800-A493C23EA1C5" name="ALUNOS PK">
<createdBy>logonrmlocal</createdBy>
<createdTime>2022-05-06 13:36:35 UTC</createdTime>
<ownerDesignName>MATRICULA</ownerDesignName>
<engineerTo>
<item key="BCB71777-58BC-1FE7-4C2E-8DEC6C3AF2A0" value="true"/>
</engineerTo>
<pk>true</pk>
<usedAttributes>
<attributeRef>6FA83984-E6F5-3614-ADFC-8A430D5A854B</attributeRef>
</usedAttributes>
</identifier>
</identifiers>
</Entity>