<?xml version = '1.0' encoding = 'UTF-8'?>
<Entity class="oracle.dbtools.crest.model.design.logical.Entity" directorySegmentName="seg_0" id="162B6A0A-C13F-A167-C05A-011948D2934B" name="CURSOS">
<createdBy>logonrmlocal</createdBy>
<createdTime>2022-05-06 13:34:17 UTC</createdTime>
<ownerDesignName>MATRICULA</ownerDesignName>
<engineerTo>
<item key="BCB71777-58BC-1FE7-4C2E-8DEC6C3AF2A0" value="true"/>
</engineerTo>
<adequatelyNormalized>NO</adequatelyNormalized>
<expectedVolumes>0</expectedVolumes>
<fwdEngineeringStrategyName>Single Table</fwdEngineeringStrategyName>
<growthPercent>0</growthPercent>
<growthType>Year</growthType>
<maxVolumes>9999999</maxVolumes>
<minVolumes>0</minVolumes>
<normalForm>Third</normalForm>
<attributes itemClass="oracle.dbtools.crest.model.design.logical.Attribute">
<Attribute name="cod_curso" id="DB2E0305-82F1-1F2C-1553-6EAD9BA4A8C7">
<createdBy>logonrmlocal</createdBy>
<createdTime>2022-05-06 13:34:25 UTC</createdTime>
<ownerDesignName>MATRICULA</ownerDesignName>
<engineerTo>
<item key="BCB71777-58BC-1FE7-4C2E-8DEC6C3AF2A0" value="true"/>
</engineerTo>
<useDomainConstraints>false</useDomainConstraints>
<use>1</use>
<logicalDatatype>LOGDT019</logicalDatatype>
<dataTypePrecision>5</dataTypePrecision>
<ownDataTypeParameters>,5,</ownDataTypeParameters>
</Attribute>
<Attribute name="nome" id="B46A2B95-058B-86EA-C66D-09E547DC8EF3">
<createdBy>logonrmlocal</createdBy>
<createdTime>2022-05-06 13:34:57 UTC</createdTime>
<ownerDesignName>MATRICULA</ownerDesignName>
<engineerTo>
<item key="BCB71777-58BC-1FE7-4C2E-8DEC6C3AF2A0" value="true"/>
</engineerTo>
<useDomainConstraints>false</useDomainConstraints>
<use>1</use>
<logicalDatatype>LOGDT024</logicalDatatype>
<dataTypeSize>100</dataTypeSize>
<ownDataTypeParameters>100,,</ownDataTypeParameters>
</Attribute>
</attributes>
<identifiers itemClass="oracle.dbtools.crest.model.design.logical.CandidateKey">
<identifier id="DA7DE0EA-3A5E-780B-12ED-D4DA03E381E9" name="CURSOS PK">
<createdBy>logonrmlocal</createdBy>
<createdTime>2022-05-06 13:34:56 UTC</createdTime>
<ownerDesignName>MATRICULA</ownerDesignName>
<engineerTo>
<item key="BCB71777-58BC-1FE7-4C2E-8DEC6C3AF2A0" value="true"/>
</engineerTo>
<pk>true</pk>
<usedAttributes>
<attributeRef>DB2E0305-82F1-1F2C-1553-6EAD9BA4A8C7</attributeRef>
</usedAttributes>
</identifier>
</identifiers>
</Entity>