<?xml version = '1.0' encoding = 'UTF-8'?>
<Entity class="oracle.dbtools.crest.model.design.logical.Entity" directorySegmentName="seg_0" id="8DB2CCBC-9FE8-589B-61A8-0D0AFD7DB048" name="MATRICULAS">
<createdBy>logonrmlocal</createdBy>
<createdTime>2022-05-06 13:50:09 UTC</createdTime>
<ownerDesignName>MATRICULA</ownerDesignName>
<engineerTo>
<item key="BCB71777-58BC-1FE7-4C2E-8DEC6C3AF2A0" value="true"/>
</engineerTo>
<adequatelyNormalized>NO</adequatelyNormalized>
<expectedVolumes>0</expectedVolumes>
<fwdEngineeringStrategyName>Single Table</fwdEngineeringStrategyName>
<growthPercent>0</growthPercent>
<growthType>Year</growthType>
<maxVolumes>9999999</maxVolumes>
<minVolumes>0</minVolumes>
<normalForm>Third</normalForm>
<attributes itemClass="oracle.dbtools.crest.model.design.logical.Attribute">
<Attribute name="cod_aluno" id="547DAE0E-9628-9F92-56B0-DF33EBD9700E">
<createdBy>logonrmlocal</createdBy>
<createdTime>2022-05-06 13:51:04 UTC</createdTime>
<generatorID>77F681F1-A9EB-0616-51CE-5A653EC3E32D</generatorID>
<ownerDesignName>MATRICULA</ownerDesignName>
<engineerTo>
<item key="BCB71777-58BC-1FE7-4C2E-8DEC6C3AF2A0" value="true"/>
</engineerTo>
<referedAttribute>07494B15-5CB3-0F4A-2651-8E40D4D60D1C</referedAttribute>
<useDomainConstraints>false</useDomainConstraints>
<use>1</use>
<logicalDatatype>LOGDT019</logicalDatatype>
<dataTypePrecision>5</dataTypePrecision>
<ownDataTypeParameters>,,</ownDataTypeParameters>
</Attribute>
<Attribute name="cod_curso" id="CE50E0BB-76AB-8D9E-A15D-2CCB89B6C977">
<createdBy>logonrmlocal</createdBy>
<createdTime>2022-05-06 13:51:12 UTC</createdTime>
<generatorID>CA61E8CE-27E0-F0F7-9DEC-A935E6AC1B8C</generatorID>
<ownerDesignName>MATRICULA</ownerDesignName>
<engineerTo>
<item key="BCB71777-58BC-1FE7-4C2E-8DEC6C3AF2A0" value="true"/>
</engineerTo>
<referedAttribute>DB2E0305-82F1-1F2C-1553-6EAD9BA4A8C7</referedAttribute>
<useDomainConstraints>false</useDomainConstraints>
<use>1</use>
<logicalDatatype>LOGDT019</logicalDatatype>
<dataTypePrecision>5</dataTypePrecision>
<ownDataTypeParameters>,,</ownDataTypeParameters>
</Attribute>
<Attribute name="RM" id="055A7904-FF72-5603-DE6D-02D0BEAFCDC2">
<createdBy>logonrmlocal</createdBy>
<createdTime>2022-05-06 13:54:44 UTC</createdTime>
<ownerDesignName>MATRICULA</ownerDesignName>
<engineerTo>
<item key="BCB71777-58BC-1FE7-4C2E-8DEC6C3AF2A0" value="true"/>
</engineerTo>
<useDomainConstraints>false</useDomainConstraints>
<use>1</use>
<ownDataTypeParameters>,,</ownDataTypeParameters>
</Attribute>
</attributes>
<identifiers itemClass="oracle.dbtools.crest.model.design.logical.CandidateKey">
<identifier id="3AAC8619-AD83-73D2-8E87-0FC63A89D12C" name="ALUNOS_CURSOS PK">
<createdBy>logonrmlocal</createdBy>
<createdTime>2022-05-06 13:52:21 UTC</createdTime>
<ownerDesignName>MATRICULA</ownerDesignName>
<engineerTo>
<item key="BCB71777-58BC-1FE7-4C2E-8DEC6C3AF2A0" value="true"/>
</engineerTo>
<pk>true</pk>
<usedAttributes>
<attributeRef>547DAE0E-9628-9F92-56B0-DF33EBD9700E</attributeRef>
<attributeRef>055A7904-FF72-5603-DE6D-02D0BEAFCDC2</attributeRef>
</usedAttributes>
</identifier>
</identifiers>
</Entity>