<?xml version = '1.0' encoding = 'UTF-8'?>
<Entity class="oracle.dbtools.crest.model.design.logical.Entity" directorySegmentName="seg_0" id="D1327013-5694-405B-7EE6-B3AB2EFE34A6" name="ALUNOS">
<createdBy>logonrmlocal</createdBy>
<createdTime>2022-05-06 13:31:33 UTC</createdTime>
<ownerDesignName>MATRICULA</ownerDesignName>
<engineerTo>
<item key="BCB71777-58BC-1FE7-4C2E-8DEC6C3AF2A0" value="true"/>
</engineerTo>
<adequatelyNormalized>NO</adequatelyNormalized>
<expectedVolumes>0</expectedVolumes>
<fwdEngineeringStrategyName>Single Table</fwdEngineeringStrategyName>
<growthPercent>0</growthPercent>
<growthType>Year</growthType>
<maxVolumes>9999999</maxVolumes>
<minVolumes>0</minVolumes>
<normalForm>Third</normalForm>
<attributes itemClass="oracle.dbtools.crest.model.design.logical.Attribute">
<Attribute name="cod_aluno" id="07494B15-5CB3-0F4A-2651-8E40D4D60D1C">
<createdBy>logonrmlocal</createdBy>
<createdTime>2022-05-06 13:31:43 UTC</createdTime>
<ownerDesignName>MATRICULA</ownerDesignName>
<engineerTo>
<item key="BCB71777-58BC-1FE7-4C2E-8DEC6C3AF2A0" value="true"/>
</engineerTo>
<useDomainConstraints>false</useDomainConstraints>
<use>1</use>
<logicalDatatype>LOGDT019</logicalDatatype>
<dataTypePrecision>5</dataTypePrecision>
<ownDataTypeParameters>,5,</ownDataTypeParameters>
</Attribute>
<Attribute name="nome" id="D27FC2F6-6032-4251-93F0-C68E5901649C">
<createdBy>logonrmlocal</createdBy>
<createdTime>2022-05-06 13:31:55 UTC</createdTime>
<ownerDesignName>MATRICULA</ownerDesignName>
<engineerTo>
<item key="BCB71777-58BC-1FE7-4C2E-8DEC6C3AF2A0" value="true"/>
</engineerTo>
<useDomainConstraints>false</useDomainConstraints>
<use>1</use>
<logicalDatatype>LOGDT024</logicalDatatype>
<dataTypeSize>100</dataTypeSize>
<ownDataTypeParameters>100,,</ownDataTypeParameters>
</Attribute>
</attributes>
<identifiers itemClass="oracle.dbtools.crest.model.design.logical.CandidateKey">
<identifier id="346C0E0B-817D-E16D-3CE1-A3201F3D1F63" name="ALUNOS PK">
<createdBy>logonrmlocal</createdBy>
<createdTime>2022-05-06 13:31:52 UTC</createdTime>
<ownerDesignName>MATRICULA</ownerDesignName>
<engineerTo>
<item key="BCB71777-58BC-1FE7-4C2E-8DEC6C3AF2A0" value="true"/>
</engineerTo>
<pk>true</pk>
<usedAttributes>
<attributeRef>07494B15-5CB3-0F4A-2651-8E40D4D60D1C</attributeRef>
</usedAttributes>
</identifier>
</identifiers>
</Entity>